"term","df","sumsq","meansq","statistic","p.value","significance"
"Device",3,1590.45833333333,530.152777777777,0.522840275590012,0.673116542191787,""
"AIRTEMP",1,1019.61152606924,1019.61152606924,1.00554782249627,0.331874846049349,""
"WINDSPEED",1,351.084629934525,351.084629934525,0.346242050149791,0.565003843899522,""
"Rain",1,1144.5941851009,1144.5941851009,1.12880657097628,0.304836733068615,""
"RAD",1,102.611798279885,102.611798279885,0.10119645343805,0.754784393904266,""
"GROUNDTEMP",1,833.806193948775,833.806193948775,0.822305340094948,0.378844180798068,""
"Residuals",15,15209.7916666667,1013.98611111111,NA,NA,""
