"term","df","sumsq","meansq","statistic","p.value","significance"
"Ambient",1,606.531713900136,606.531713900136,0.380995875611318,0.538915693928263,""
"Residuals",76,120989.263157895,1591.96398891967,NA,NA,""
