"Test","df","Statistic","p_value","significance"
"Insecta",1,52.3373132389049,4.67408451774816e-13,"***"
"Syrphoidea",1,0.949580195704704,0.329826177899794,""
