"term","df","sumsq","meansq","statistic","p.value","significance"
"(Intercept)",1,6.81723264539505,6.81723264539505,0.00499487330234189,0.944925416295887,""
"Ambient",1,521.361111111113,521.361111111113,0.38199263986205,0.549121263034799,""
"Temperature",1,664.478818802208,664.478818802208,0.48685261082424,0.499817777253783,""
"Wind Speed",1,287.596179036502,287.596179036502,0.210716950887,0.655143854995732,""
"Rain",1,708.179021698194,708.179021698194,0.518871024762266,0.486348956938405,""
"Ground temp.",1,525.285585716767,525.285585716767,0.384868037322153,0.547646826607659,""
"Air pressure",1,17.9096906011018,17.9096906011018,0.0131221332892422,0.910864517756723,""
"Residuals",11,15013.3055555556,1364.84595959596,NA,NA,""
