"term","df","sumsq","meansq","statistic","p.value","significance"
"Week",2,14123.7293956044,7061.8646978022,4.92816296019268,0.00975301698826322,"**"
"Residuals",75,107472.06547619,1432.96087301587,NA,NA,""
