"term","df","sumsq","meansq","statistic","p.value","significance"
"Device",2,9017.94555353902,4508.97277676951,2.20675708350309,0.119709838306248,""
"Residuals",55,112379.157894737,2043.25741626794,NA,NA,""
