"Test","df","Statistic","p_value","significance"
"Insecta",1,289.704918032787,5.76570098162803e-65,"***"
"Syrphoidea",1,1.1264367816092,0.288536657947213,""
