"term","df","sumsq","meansq","statistic","p.value","significance"
"Rain",1,3.76810997506805,3.76810997506805,0.00235522316497067,0.961420655546936,""
"Residuals",76,121592.02676182,1599.89508897131,NA,NA,""
