"term","df","sumsq","meansq","statistic","p.value","significance"
"(Intercept)",1,103.356930554124,103.356930554124,0.0433251771939816,0.837329167526259,""
"Ambient",1,14432.264822601,14432.264822601,6.04971942759293,0.0236669262347833,"*"
"Temperature",1,2250.62321870018,2250.62321870018,0.94341665550926,0.343604402884464,""
"Wind Speed",1,1051.2844001194,1051.2844001194,0.440677588549229,0.514770940377081,""
"Rain",1,3652.81379351958,3652.81379351958,1.53118715902638,0.231009467473441,""
"Ground temp.",1,1202.92529284543,1202.92529284543,0.50424244590312,0.486266829568741,""
"Air pressure",1,64.6539623943681,64.6539623943681,0.0271016598694576,0.870977305613774,""
"Residuals",19,45326.5700850071,2385.60895184248,NA,NA,""
