"term","contrast","null.value","estimate","conf.low","conf.high","adj.p.value"
"Week","2-1",0,15.2083333333333,-10.413494802875,40.8301614695416,0.336215692087583
"Week","3-1",0,-17.1130952380953,-42.2918612375862,8.06567076139562,0.241449512640816
"Week","3-2",0,-32.3214285714286,-56.9732263593276,-7.66963078352952,0.00685317493576321
