"term","df","sumsq","meansq","statistic","p.value","significance"
"(Intercept)",1,161.533191866882,161.533191866882,0.0535582738468942,0.820882523070781,""
"Ambient",1,11139.4688537173,11139.4688537173,3.69342496412752,0.0786904410551868,""
"Temperature",1,2757.35662838448,2757.35662838448,0.91423477546501,0.357860028127387,""
"Wind Speed",1,1976.04236632046,1976.04236632046,0.655180628608346,0.434023397488538,""
"Rain",1,5479.98947230919,5479.98947230919,1.81695646228487,0.20257178323612,""
"Ground temp.",1,1555.63899406815,1555.63899406815,0.515790830901617,0.48639086235497,""
"Air pressure",1,94.466297289262,94.466297289262,0.031321437786544,0.862477138165795,""
"Residuals",12,36192.3221787139,3016.02684822616,NA,NA,""
