"term","df","sumsq","meansq","statistic","p.value","significance"
"(Intercept)",1,219.426950079564,219.426950079564,0.898653703641151,0.358166341240788,""
"Ambient",1,1000.5952380953,1000.5952380953,4.09789506819465,0.0611227967036329,""
"Temperature",1,198.140802053616,198.140802053616,0.811477193404665,0.381919672153855,""
"Wind Speed",1,470.173716936415,470.173716936415,1.92557637941205,0.185513602568931,""
"Ground temp.",1,248.255237360792,248.255237360792,1.01671872311808,0.329288312926148,""
"Air pressure",1,215.170251730076,215.170251730076,0.881220577328895,0.362738647323383,""
"Residuals",15,3662.59465448971,244.172976965981,NA,NA,""
