"term","df","sumsq","meansq","statistic","p.value","significance"
"Device",3,9216.63697705803,3072.21232568601,2.02300601250022,0.118011596774749,""
"Residuals",74,112379.157894737,1518.6372688478,NA,NA,""
