"term","df","sumsq","meansq","statistic","p.value","significance"
"Ambient",1,407.840290381124,407.840290381124,0.18876928138274,0.665612505374789,""
"Residuals",56,120989.263157895,2160.52255639098,NA,NA,""
