"term","df","sumsq","meansq","statistic","p.value","significance"
"Rain",1,5.76903269144656,5.76903269144656,0.00266135826149656,0.959040279606053,""
"Residuals",56,121391.334415584,2167.70240027829,NA,NA,""
