"term","df","sumsq","meansq","statistic","p.value","significance"
"(Intercept)",1,22.8340665333251,22.8340665333251,0.695966732981909,0.413996062125321,""
"Ambient",1,194.023382302472,194.023382302472,5.91370001073075,0.0245448162404984,"*"
"Temperature",1,122.453652852903,122.453652852903,3.73230359968323,0.0676615670895553,""
"Wind Speed",1,7.26678042057551,7.26678042057551,0.221486497870355,0.64300165678075,""
"Rain",1,271.963328902697,271.963328902697,8.28925628429146,0.00927633699566371,"**"
"Ground temp.",1,109.02936279564,109.02936279564,3.32314041886657,0.0832961478276363,""
"Air pressure",1,29.1085244254162,29.1085244254162,0.887207918778496,0.357474329962388,""
"Residuals",20,656.182701017654,32.8091350508827,NA,NA,""
