"term","df","sumsq","meansq","statistic","p.value","significance"
"Rain",1,6353.62423405903,6353.62423405903,27.2914099675329,1.5182940670789e-06,"***"
"Residuals",75,17460.5056360709,232.806741814278,NA,NA,""
