"Test","df","Statistic","p_value","significance"
"Insecta",1,45.1671207992734,1.80917126441564e-11,"***"
"Syrphoidea",1,5.76190476190476,0.0163773083414949,"*"
