"term","df","sumsq","meansq","statistic","p.value","significance"
"Ambient",1,197.825108225109,197.825108225109,0.628247444571278,0.430499037736967,""
"Residuals",75,23616.3047619048,314.884063492063,NA,NA,""
