"term","df","sumsq","meansq","statistic","p.value","significance"
"Device",3,694.221840251253,231.407280083751,0.730657380828799,0.537012438225488,""
"Residuals",73,23119.9080298786,316.711068902447,NA,NA,""
