"term","df","sumsq","meansq","statistic","p.value","significance"
"(Intercept)",1,0.0794224721452368,0.0794224721452368,1.45470244737507,0.231374638079285,""
"Ambient",1,0.220501223657709,0.220501223657709,4.03870165508698,0.0478823882305977,"*"
"Temperature",1,0.000988449277632419,0.000988449277632419,0.0181044425392422,0.89330771712529,""
"Wind Speed",1,0.048182653718615,0.048182653718615,0.882513757029892,0.350377599701116,""
"Ground temp.",1,0.0104116796877864,0.0104116796877864,0.190700383833578,0.663525589889637,""
"Air pressure",1,0.133176041985196,0.133176041985196,2.43925313547684,0.122329824752645,""
"Residuals",79,4.31316748713488,0.0545970567991757,NA,NA,""
