"term","df","sumsq","meansq","statistic","p.value","significance"
"Ambient",1,17.9817427912923,17.9817427912923,13.237103296466,0.000294351152706158,"***"
"Residuals",710,964.488762826685,1.35843487722068,NA,NA,""
