"term","df","sumsq","meansq","statistic","p.value","significance"
"Rain",1,0.0207448524272885,0.0207448524272885,0.0149919576670239,0.902583902866864,""
"Residuals",710,982.449760765551,1.38373205741627,NA,NA,""
