"term","df","sumsq","meansq","statistic","p.value","significance"
"(Intercept)",1,0.854158719630917,0.854158719630917,1.88704215261387,0.170844887418973,""
"Ambient",1,0.0333918958015715,0.0333918958015715,0.0737707331027224,0.786162143959295,""
"Temperature",1,0.0659743461201003,0.0659743461201003,0.145753206352048,0.702972224037101,""
"Wind Speed",1,0.47252258291546,0.47252258291546,1.0439160913896,0.307963082376821,""
"Rain",1,0.120983918376552,0.120983918376552,0.267282588724961,0.605646715098122,""
"Ground temp.",1,0.183634693623404,0.183634693623404,0.405693227248713,0.524783567577847,""
"Air pressure",1,0.739248627894554,0.739248627894554,1.63317810851567,0.202524927228292,""
"Residuals",235,106.371391245937,0.452644218067819,NA,NA,""
