"term","df","sumsq","meansq","statistic","p.value","significance"
"Rain",1,13.2872367497232,13.2872367497232,0.516899020152618,0.472420028211738,""
"Residuals",665,17094.2719836401,25.7056721558497,NA,NA,""
