"term","df","sumsq","meansq","statistic","p.value","significance"
"Rain",1,2791.29262808748,2791.29262808748,2.75645360665731,0.0989108515584528,""
"Residuals",153,154933.778339654,1012.63907411539,NA,NA,""
