"term","df","sumsq","meansq","statistic","p.value","significance"
"(Intercept)",1,28.2208443433992,28.2208443433992,0.0433304499872793,0.836215985263938,""
"Ambient",1,639.040473072517,639.040473072517,0.981186491848978,0.328171825484613,""
"Temperature",1,182.404883302486,182.404883302486,0.280065528061443,0.599736391521538,""
"Wind Speed",1,310.627624509216,310.627624509216,0.476939477241832,0.494008946773093,""
"Rain",1,596.665292868318,596.665292868318,0.916123391532157,0.344545094026941,""
"Ground temp.",1,4083.11889897095,4083.11889897095,6.26924471469109,0.0166976220972967,"*"
"Air pressure",1,52.6044858430323,52.6044858430323,0.0807692362139119,0.777800595835084,""
"Residuals",38,24749.1564330395,651.293590343146,NA,NA,""
