"term","df","sumsq","meansq","statistic","p.value","significance"
"(Intercept)",1,0.690854907486937,0.690854907486937,0.000326229258067613,0.985681627277001,""
"Ambient",1,5191.88248965349,5191.88248965349,2.45166380699976,0.125479427416918,""
"Temperature",1,1659.59039005305,1659.59039005305,0.783676768849449,0.3814447479358,""
"Wind Speed",1,140.319199571517,140.319199571517,0.0662602637294326,0.798215099855318,""
"Rain",1,1408.74086180028,1408.74086180028,0.665222872667116,0.41967560460475,""
"Ground temp.",1,956.835590103539,956.835590103539,0.451828251155712,0.50543099663074,""
"Air pressure",1,5.4798774906958,5.4798774906958,0.00258765820249298,0.959689534159469,""
"Residuals",39,82590.2052795228,2117.69757126982,NA,NA,""
