"term","df","sumsq","meansq","statistic","p.value","significance"
"Ambient",1,702.809023204679,702.809023204679,0.684805958204176,0.409225557643497,""
"Residuals",153,157022.261944537,1026.28929375515,NA,NA,""
