"term","df","sumsq","meansq","statistic","p.value","significance"
"Rain",1,3158.22712712713,3158.22712712713,2.71965260927362,0.101479621467966,""
"Residuals",133,154447.743243243,1161.26122739281,NA,NA,""
