"term","df","sumsq","meansq","statistic","p.value","significance"
"Device",6,22106.9044457549,3684.48407429249,3.48056983486381,0.00320624241945127,"**"
"Residuals",128,135499.065924615,1058.58645253606,NA,NA,""
