"term","df","sumsq","meansq","statistic","p.value","significance"
"(Intercept)",1,2.07050938491011,2.07050938491011,0.0011303468111831,0.973325135678959,""
"Ambient",1,5787.80032628606,5787.80032628606,3.15971600527952,0.0820877910270573,""
"Temperature",1,1428.76855450342,1428.76855450342,0.780003216248033,0.381732621407963,""
"Wind Speed",1,113.588225645319,113.588225645319,0.0620108701664766,0.804453991767367,""
"Rain",1,1218.47229329318,1218.47229329318,0.665196826093446,0.418934434083059,""
"Ground temp.",1,816.591797834801,816.591797834801,0.445799445029278,0.507672636620712,""
"Air pressure",1,7.24188890749065,7.24188890749065,0.00395354210571699,0.950136721056697,""
"Residuals",46,84260.3621858117,1831.74700403938,NA,NA,""
