"term","contrast","null.value","estimate","conf.low","conf.high","adj.p.value"
"Week","2-1",0,0.621256038647331,-15.7623561538642,17.0048682311589,0.99555569686365
"Week","3-1",0,-21.5358585858586,-38.1025790469797,-4.96913812473748,0.00703541772291927
"Week","3-2",0,-22.1571146245059,-38.6345697163653,-5.6796595326466,0.00506423943210099
