"term","df","sumsq","meansq","statistic","p.value","significance"
"Ambient",1,585.612438421629,585.612438421629,0.496027746566671,0.482482076298848,""
"Residuals",133,157020.357931949,1180.60419497706,NA,NA,""
