"term","df","sumsq","meansq","statistic","p.value","significance"
"Week",2,12318.7084076235,6159.35420381176,6.43865799608533,0.002069586570957,"**"
"Residuals",152,145406.362560118,956.620806316568,NA,NA,""
