"term","df","sumsq","meansq","statistic","p.value","significance"
"Week",2,14168.6477309325,7084.32386546626,6.51943812833295,0.00199483659973047,"**"
"Residuals",132,143437.322639438,1086.64638363211,NA,NA,""
