"Test","df","Statistic","p_value","significance"
"Insecta",1,249.528550741265,3.29018447996914e-56,"***"
"Syrphoidea",1,5.68836164135194,0.0170777914991786,"*"
