"term","df","sumsq","meansq","statistic","p.value","significance"
"Device",7,22226.0050431265,3175.14357758951,3.44464445360332,0.00192166788534787,"**"
"Residuals",147,135499.065924615,921.762353228677,NA,NA,""
