"term","df","sumsq","meansq","statistic","p.value","significance"
"(Intercept)",1,191.386174809307,191.386174809307,1.28302038140509,0.264434866953378,""
"Ambient",1,188.858985858717,188.858985858717,1.26607853628749,0.267560606797298,""
"Temperature",1,133.975425222428,133.975425222428,0.898148475662155,0.349266849561482,""
"Wind Speed",1,224.595129277602,224.595129277602,1.50564756683492,0.22735258547151,""
"Ground temp.",1,185.340269306664,185.340269306664,1.24248965868351,0.271992163932389,""
"Air pressure",1,187.869640185389,187.869640185389,1.25944613107641,0.268797174410089,""
"Residuals",38,5668.40149085475,149.168460285651,NA,NA,""
